"","Gene","Proteins and peptides for which assays are available","Submitting Laboratory","Peptide Start","Peptide End","Modification","Assay Type","Matrix","Hydrophobicity","Site of Modification - Protein","Species","Peptide Standard Purity","Instrument","Endogenous Detected","Med Total CV","CPTAC ID"
"1064","A1BG - UniProt Accession ID: P04217","LETPDFQLFK","UVic-Genome BC Proteomics Centre","53","62","unmodified","direct","plasma","","N/A","Homo sapiens (Human)",">95%","6490 Triple Quad (Agilent)","yes","7","non-CPTAC-1064"
"1068","A2M - UniProt Accession ID: P01023","AIGYLNTGYQR","UVic-Genome BC Proteomics Centre","1004","1014","unmodified","direct","plasma","","N/A","Homo sapiens (Human)",">95%","6490 Triple Quad (Agilent)","yes","8.5","non-CPTAC-1068"
"2","AARS - UniProt Accession ID: P49588","AVFDETYPDPVR","Fred Hutchinson Cancer Research Center","684","695","unmodified","direct","cell line lysate pool","25.85821","N/A","Homo sapiens (Human)",">95%","5500 QTRAP (ABSCIEX)","yes","12","CPTAC-2"
"1","AARS - UniProt Accession ID: P49588","TITVALADGGRPDNTGR","Fred Hutchinson Cancer Research Center","304","320","unmodified","direct","cell line lysate pool","20.0802","N/A","Homo sapiens (Human)",">95%","5500 QTRAP (ABSCIEX)","yes","16.9","CPTAC-1"
"3","ABAT - UniProt Accession ID: P80404","ALLTGLLDLQAR","Fred Hutchinson Cancer Research Center","414","425","unmodified","direct","cell line lysate pool","39.58847","N/A","Homo sapiens (Human)",">95%","5500 QTRAP (ABSCIEX)","yes","30.1","CPTAC-3"
"4","ABAT - UniProt Accession ID: P80404","GTFCSFDTPDDSIR","Fred Hutchinson Cancer Research Center","437","450","Carbamidomethyl Cysteine","direct","cell line lysate pool","28.371525","440","Homo sapiens (Human)",">95%","5500 QTRAP (ABSCIEX)","yes","19.7","CPTAC-4"
"157","ABCD3 - UniProt Accession ID: P28288","VLGELWPLFGGR","Fred Hutchinson Cancer Research Center","485","496","unmodified","direct","cell line lysate pool","42.19114","N/A","Homo sapiens (Human)",">95%","5500 QTRAP (ABSCIEX)","yes","17.4","CPTAC-157"
"302","ABCF1 - UniProt Accession ID: Q8NE71","IGFFNQQYAEQLR","Broad Institute and FHCRC","690","702","unmodified","direct","cell line lysate pool","34.50544","N/A","Homo sapiens (Human)",">95%","5500 QTRAP (ABSCIEX)","yes","17.3","CPTAC-302"
"301","ABCF1 - UniProt Accession ID: Q8NE71","STLLLLLTGK","Broad Institute and FHCRC","665","674","unmodified","direct","cell line lysate pool","35.772533","N/A","Homo sapiens (Human)",">95%","5500 QTRAP (ABSCIEX)","yes","15.7","CPTAC-301"
"957","ABLIM1 - UniProt Accession ID: O14639","STSQGSINSPVYSR","Fred Hutchinson Cancer Research Center","450","463","Phospho (ST)","enrichment","cell lysate","","452","Homo sapiens (Human)","Crude","QTrap 5500 (Sciex)","yes","10.6","CPTAC-957"
"158","ACAA2 - UniProt Accession ID: P42765","DFTATDLSEFAAK","Fred Hutchinson Cancer Research Center","26","38","unmodified","direct","cell line lysate pool","32.327618","N/A","Homo sapiens (Human)",">95%","5500 QTRAP (ABSCIEX)","yes","12.9","CPTAC-158"
"159","ACAA2 - UniProt Accession ID: P42765","TNVNGGAIALGHPLGGSGSR","Fred Hutchinson Cancer Research Center","341","360","unmodified","direct","cell line lysate pool","24.5773","N/A","Homo sapiens (Human)",">95%","5500 QTRAP (ABSCIEX)","yes","17.8","CPTAC-159"
"782","ACACA - UniProt Accession ID: Q13085","SSMSGLHLVK","Washington University in St. Louis","77","86","Phospho (ST)","direct","Pooled patient derived xenograft breast tumor digest","","78","Homo sapiens (Human)","Crude","TripleTOF 5600+ (SCIEX)","yes","20.8","CPTAC-782"
"454","ACADVL - UniProt Accession ID: P49748","ASNTAEVFFDGVR","Seoul National University / Korea Institute of Science and Technology and FHCRC","304","316","unmodified","direct","cell line lysate pool","29.616623","N/A","Homo sapiens (Human)",">95%","5500 QTRAP (ABSCIEX)","yes","13.8","CPTAC-454"
"455","ACADVL - UniProt Accession ID: P49748","VPSENVLGEVGSGFK","Seoul National University / Korea Institute of Science and Technology and FHCRC","317","331","unmodified","direct","cell line lysate pool","28.530743","N/A","Homo sapiens (Human)",">95%","5500 QTRAP (ABSCIEX)","yes","18","CPTAC-455"
"304","ACOT7 - UniProt Accession ID: O00154","AASAFFTYVSLSQEGR","Broad Institute and FHCRC","325","340","unmodified","direct","cell line lysate pool","36.98425","N/A","Homo sapiens (Human)",">95%","5500 QTRAP (ABSCIEX)","yes","14.2","CPTAC-304"
"303","ACOT7 - UniProt Accession ID: O00154","VLEVPPVVYSR","Broad Institute and FHCRC","173","183","unmodified","direct","cell line lysate pool","26.223051","N/A","Homo sapiens (Human)",">95%","5500 QTRAP (ABSCIEX)","yes","11.8","CPTAC-303"
"1309","ACP2 - UniProt Accession ID: P11117","FNPNISWQPIPVHTVPITEDR","Johns Hopkins University","130","150","Deamidated (N)","direct","Human ovarian tumor tissue digest","","133","Homo sapiens (Human)","Crude (~60%)","TSQ Vantage","yes","16","CPTAC-1309"
"5","ACSF2 - UniProt Accession ID: Q96CM8","TQQYYNVLK","Fred Hutchinson Cancer Research Center","183","191","unmodified","direct","cell line lysate pool","21.0091","N/A","Homo sapiens (Human)",">95%","5500 QTRAP (ABSCIEX)","yes","16.1","CPTAC-5"
"6","ACSF2 - UniProt Accession ID: Q96CM8","YIVFVTNYPLTISGK","Fred Hutchinson Cancer Research Center","585","599","unmodified","direct","cell line lysate pool","38.6468","N/A","Homo sapiens (Human)",">95%","5500 QTRAP (ABSCIEX)","yes","26","CPTAC-6"
"305","ACSL1 - UniProt Accession ID: P33121","IGFFQGDIR","Broad Institute and FHCRC","341","349","unmodified","direct","cell line lysate pool","30.518646","N/A","Homo sapiens (Human)",">95%","5500 QTRAP (ABSCIEX)","yes","11.8","CPTAC-305"
"306","ACSL1 - UniProt Accession ID: P33121","VLQPTVFPVVPR","Broad Institute and FHCRC","357","368","unmodified","direct","cell line lysate pool","32.707058","N/A","Homo sapiens (Human)",">95%","5500 QTRAP (ABSCIEX)","yes","12.4","CPTAC-306"
"8","ACTN4 - UniProt Accession ID: O43707","ETTDTDTADQVIASFK","Fred Hutchinson Cancer Research Center","838","853","unmodified","direct","cell line lysate pool","26.809717","N/A","Homo sapiens (Human)",">95%","5500 QTRAP (ABSCIEX)","yes","8.3","CPTAC-8"
"7","ACTN4 - UniProt Accession ID: O43707","NVNVQNFHISWK","Fred Hutchinson Cancer Research Center","182","193","unmodified","direct","cell line lysate pool","29.280308","N/A","Homo sapiens (Human)",">95%","5500 QTRAP (ABSCIEX)","yes","21","CPTAC-7"
"161","ACTR3 - UniProt Accession ID: P61158","AEPEDHYFLLTEPPLNTPENR","Fred Hutchinson Cancer Research Center","103","123","unmodified","direct","cell line lysate pool","36.504856","N/A","Homo sapiens (Human)",">95%","5500 QTRAP (ABSCIEX)","yes","15.2","CPTAC-161"
"160","ACTR3 - UniProt Accession ID: P61158","GVDDLDFFIGDEAIEKPTYATK","Fred Hutchinson Cancer Research Center","54","75","unmodified","direct","cell line lysate pool","40.33562","N/A","Homo sapiens (Human)",">95%","5500 QTRAP (ABSCIEX)","yes","18","CPTAC-160"
"1057","ADIPOQ - UniProt Accession ID: Q15848","GFPGIQGR","UVic-Genome BC Proteomics Centre","93","100","unmodified","direct","plasma","","N/A","Homo sapiens (Human)",">95%","6490 Triple Quad (Agilent)","yes","9.7","non-CPTAC-1057"
"162","ADK - UniProt Accession ID: P55263","SLIANLAAANCYK","Fred Hutchinson Cancer Research Center","150","162","Carbamidomethyl Cysteine","direct","cell line lysate pool","32.67892","160","Homo sapiens (Human)",">95%","5500 QTRAP (ABSCIEX)","yes","16.1","CPTAC-162"
"164","ADSS - UniProt Accession ID: P30520","FIEDELQIPVK","Fred Hutchinson Cancer Research Center","431","441","unmodified","direct","cell line lysate pool","31.81459","N/A","Homo sapiens (Human)",">95%","5500 QTRAP (ABSCIEX)","yes","10.1","CPTAC-164"
"163","ADSS - UniProt Accession ID: P30520","VVDLLAQDADIVCR","Fred Hutchinson Cancer Research Center","46","59","Carbamidomethyl Cysteine","direct","cell line lysate pool","35.49309","58","Homo sapiens (Human)",">95%","5500 QTRAP (ABSCIEX)","yes","13.1","CPTAC-163"
"1059","AFM - UniProt Accession ID: P43652","DADPDTFFAK","UVic-Genome BC Proteomics Centre","344","353","unmodified","direct","plasma","","N/A","Homo sapiens (Human)",">95%","6490 Triple Quad (Agilent)","yes","8","non-CPTAC-1059"
"649","AFM - UniProt Accession ID: P43652","DIENFNSTQK","Johns Hopkins University","28","37","Deamidated (NQ)","enrichment","serum","","33","Homo sapiens (Human)","Crude","Q-Exactive (ThermoFisher)","yes","6.5","CPTAC-649"
"650","AFM - UniProt Accession ID: P43652","FNETTEK","Johns Hopkins University","401","407","Deamidated (NQ)","enrichment","serum","","402","Homo sapiens (Human)","Crude","Q-Exactive (ThermoFisher)","yes","32.7","CPTAC-650"
"1060","AFM - UniProt Accession ID: P43652","IAPQLSTEELVSLGEK","UVic-Genome BC Proteomics Centre","438","453","unmodified","direct","plasma","","N/A","Homo sapiens (Human)",">95%","6490 Triple Quad (Agilent)","yes","17.8","non-CPTAC-1060"
"1058","AFM - UniProt Accession ID: P43652","LPNNVLQEK","UVic-Genome BC Proteomics Centre","89","97","unmodified","direct","plasma","","N/A","Homo sapiens (Human)",">95%","6490 Triple Quad (Agilent)","yes","9.3","non-CPTAC-1058"
"456","AGR2 - UniProt Accession ID: O95994","HLSPDGQYVPR","Seoul National University / Korea Institute of Science and Technology and FHCRC","117","127","unmodified","direct","cell line lysate pool","16.62","N/A","Homo sapiens (Human)",">95%","5500 QTRAP (ABSCIEX)","yes","10.2","CPTAC-456"
"1293","AGR2 - UniProt Accession ID: O95994","HLSPDGQYVPR","Johns Hopkins University","117","127","unmodified","direct","Human serum digest","","N/A","Homo sapiens (Human)","Crude (~60%)","LCMS-8040","yes","20.9","CPTAC-1293"
"458","AHNAK - UniProt Accession ID: Q09666","ISAPNVDFNLEGPK","Seoul National University / Korea Institute of Science and Technology and FHCRC","5447","5460","unmodified","direct","cell line lysate pool","27.292131","N/A","Homo sapiens (Human)",">95%","5500 QTRAP (ABSCIEX)","yes","13.9","CPTAC-458"
"958","AHNAK - UniProt Accession ID: Q09666","LPSGSGAASPTGSAVDIR","Fred Hutchinson Cancer Research Center","208","225","Phospho (ST)","enrichment","cell lysate","","210","Homo sapiens (Human)","Crude","QTrap 5500 (Sciex)","yes","11.8","CPTAC-958"
"457","AHNAK - UniProt Accession ID: Q09666","VDIEAPDVSLEGPEGK","Seoul National University / Korea Institute of Science and Technology and FHCRC","1162","1177","unmodified","direct","cell line lysate pool","26.785494","N/A","Homo sapiens (Human)",">95%","5500 QTRAP (ABSCIEX)","yes","16.9","CPTAC-457"
"1067","AHSG - UniProt Accession ID: P02765","APHGPGLIYR","UVic-Genome BC Proteomics Centre","19","28","unmodified","direct","plasma","","N/A","Homo sapiens (Human)",">95%","6490 Triple Quad (Agilent)","yes","16.7","non-CPTAC-1067"
"1066","AHSG - UniProt Accession ID: P02765","FSVVYAK","UVic-Genome BC Proteomics Centre","125","131","unmodified","direct","plasma","","N/A","Homo sapiens (Human)",">95%","6490 Triple Quad (Agilent)","yes","5.2","non-CPTAC-1066"
"308","AIP - UniProt Accession ID: O00170","VLELDPALAPVVSR","Broad Institute and FHCRC","291","304","unmodified","direct","cell line lysate pool","33.97611","N/A","Homo sapiens (Human)",">95%","5500 QTRAP (ABSCIEX)","yes","17.9","CPTAC-308"
"307","AIP - UniProt Accession ID: O00170","YYDAIACLK","Broad Institute and FHCRC","202","210","Carbamidomethyl Cysteine","direct","cell line lysate pool","25.192574","208","Homo sapiens (Human)",">95%","5500 QTRAP (ABSCIEX)","yes","26","CPTAC-307"
"10","AKR1A1 - UniProt Accession ID: P14550","GLEVTAYSPLGSSDR","Fred Hutchinson Cancer Research Center","204","218","unmodified","direct","cell line lysate pool","27.136852","N/A","Homo sapiens (Human)",">95%","5500 QTRAP (ABSCIEX)","yes","14.2","CPTAC-10"
"9","AKR1A1 - UniProt Accession ID: P14550","GLVQALGLSNFNSR","Fred Hutchinson Cancer Research Center","154","167","unmodified","direct","cell line lysate pool","34.21715","N/A","Homo sapiens (Human)",">95%","5500 QTRAP (ABSCIEX)","yes","14.7","CPTAC-9"
"783","AKT1 - UniProt Accession ID: P31749","FFAGIVWQHVYEK","Washington University in St. Louis","407","419","unmodified","direct","Pooled patient derived xenograft breast tumor digest","","N/A","Homo sapiens (Human)","Crude","TripleTOF 5600+ (SCIEX)","yes","17.6","CPTAC-783"
"784","AKT1 - UniProt Accession ID: P31749","QEEEEMDFR","Washington University in St. Louis","113","121","unmodified","direct","Pooled patient derived xenograft breast tumor digest","","N/A","Homo sapiens (Human)","Crude","TripleTOF 5600+ (SCIEX)","yes","13.8","CPTAC-784"
"785","AKT1S1 - UniProt Accession ID: Q96B36","CLHDIALAHR","Washington University in St. Louis","61","70","Carbamidomethyl Cysteine","direct","Pooled patient derived xenograft breast tumor digest","","61","Homo sapiens (Human)","Crude","TripleTOF 5600+ (SCIEX)","yes","13.8","CPTAC-785"
"1038","AKT1S1 - UniProt Accession ID: Q96B36","LNTSDFQK","Washington University in St. Louis","244","251","Phospho (ST)","direct","Pooled patient derived xenograft breast tumor digest","","246","Homo sapiens (Human)","Crude","TripleTOF 5600+ (SCIEX)","yes","21.4","CPTAC-1038"